Chewton Bushlands, 3451
Whitelaw, 3950
Bulla, 3428
Scotts Creek, 3267
Clarkefield, 3430
Franklinford, 3461
Maramingo Creek, 3891
Macclesfield, 3782
Croxton East, 3301
Fairfield, 3078
Gladfield, 3575
St Helens Plains, 3401
Ruffy, 3666
Geelong North, 3215
Fish Point, 3585
Goornong, 3557
Murrayville, 3512
Invermay, 3352
Bendoc, 3888
Bunbartha, 3634
Gelantipy, 3885
Mywee, 3641
Blampied, 3364
Brandon Park, 3150
Minimay, 3413
Heathmont, 3135
Kew, 3101
Tragowel, 3579
Mallan, 3586
Cromer, 3193
Christmas Hills, 3775
Hollands Landing, 3862
Shannonvale, 3898
Specimen Hill, 3555
Dorodong, 3312
Barongarook West, 3249
Lang Lang, 3984
Landsborough West, 3384
Rythdale, 3810
Timbarra, 3885
Armadale North, 3143
Rochford, 3442
Vervale, 3814
Moyreisk, 3467
Goughs Bay, 3723
Streatham, 3351
Lindenow South, 3875
Leongatha, 3953
Werrimull, 3496
Mount Moriac, 3240
Thomastown, 3074
Gooroc, 3478
Gobarup, 3559
Longford, 3851
Eagle Point, 3878
Gerangamete, 3243
Wonthaggi, 3995
Drung, 3401
Mitchellstown, 3608
Keilor Lodge, 3038
Golden Beach, 3851
Bangerang, 3393
Wahgunyah, 3687
Archies Creek, 3995
Claretown, 3352
Rutherglen, 3685
Axedale, 3551
Longerenong, 3401
Summerlands, 3922
Berrimal, 3518
Condah, 3303
Towong Upper, 3707
Grassmere, 3281
Heytesbury Lower, 3268
Wulgulmerang West, 3885
Kinglake West, 3757
Annuello, 3549
Bald Hills, 3364
Pakenham South, 3810
Chapple Vale, 3239
Beremboke, 3342
Hepburn, 3461
Corack, 3480
Leitchville, 3567
Gowanford, 3544
Ullswater, 3318
Mount Alfred, 3709
Howqua Hills, 3723
Highett, 3190
Merrimu, 3340
Sandown Village, 3171
Budgerum East, 3579
Harston, 3616
Drouin East, 3818
Mallacoota, 3892
Cornelia Creek, 3622
Tonghi Creek, 3890
Brighton, 3186
Meadow Heights, 3048
Tynong, 3813
Tambo Crossing, 3893
Moriac, 3240
Mount Hooghly, 3472
Yarra Junction, 3797
Corop West, 3558
Hinnomunjie, 3898
Balnarring, 3926
Youanmite, 3646
Birchip, 3483
Nanneella, 3561
Lara, 3212
Boundary Bend, 3599
Parwan, 3340
Sydenham, 3037
Marong, 3515
Bennison, 3960
Tarranyurk, 3414
Gre Gre, 3478
Bolton, 3546
Mepunga West, 3277
Sandhill Lake, 3579
Port Franklin, 3964
Sheep Hills, 3392
Coronet Bay, 3984
Martins Creek, 3888
Skye, 3977
Redcastle, 3523
Heathcote, 3523
Quantong, 3401
Trafalgar, 3824
Riggs Creek, 3666
Robinson, 3019
Connewirricoo, 3318
Muskerry East, 3557
Broadwater, 3301
Moonee Vale, 3055
Berringa, 3351
Riddells Creek, 3431
Pine Grove East, 3573
Port Albert, 3971
Yalmy, 3885
Strathewen, 3099
Tittybong, 3542
Coburg, 3058
Grenville, 3352
Buckland, 3740
Narre Warren South, 3805
Medlyn, 3478
Glengarry, 3854
White Hills, 3550
Girgarre, 3624
Maffra, 3860
Horsham, 3401
Beveridge, 3753
Mount Egerton, 3352
Benalla West, 3672
Laanecoorie, 3463
Oakleigh East, 3166
Clifton Hill, 3068
Cocoroc, 3030
Euroa, 3666
Main Ridge, 3928
Cotswold, 3465
Wongarra, 3221
Kevington, 3723
Minhamite, 3287
Glenloth East, 3527
Panmure, 3265
Hopevale, 3396
South Geelong, 3220
Mt Baw Baw, 3833
Digby, 3309
Reefton, 3799
Yelta, 3505
Warrandyte South, 3134
Wangaratta West, 3677
Zeerust, 3634
Sherbrooke, 3789
Middle Creek, 3375
Nerrin Nerrin, 3351
Cardross, 3496
Vinifera, 3591
Golden Square, 3555
Nunawading, 3131
Muskerry, 3557
Germantown, 3741
Strathmore, 3041
Kerrie, 3434
Woodside Beach, 3874
Robinvale Irrigation District Section C, 3549
Arcadia, 3631
Goomalibee, 3673
Germania, 3387
Pranjip, 3665
Dalmore, 3981
Edithvale, 3196
Bogong, 3699
Guildford, 3451
Colliver, 3630
Strathfieldsaye, 3551
Whorouly, 3735
Sumner, 3057
Lovely Banks, 3213
Buffalo River, 3737
Kobyboyn, 3660
Nareewillock, 3525
Fingal, 3939
Gowanbrae, 3043
Jarklin, 3517
Yanakie, 3960
Hanging Rock, 3442
Wangoom, 3279
Lake Condah, 3303
Healesville, 3777
Cowleys Creek, 3268
Pier Milan, 3533
Frankston, 3199
Porcupine Flat, 3463
Newcomb, 3219
Cowangie, 3506
Tallangatta South, 3701
Canary Island, 3537
Konongwootong, 3315
Mcmillans, 3568
Fumina South, 3825
Johanna, 3238
Brentford Square, 3131
Mincha West, 3568
Dockers Plains, 3678
Goorambat, 3725
Panitya, 3512
Crooked River, 3862
Derrinallum, 3325
Trentham, 3458
The Settlement, 3561
Edi Upper, 3678
Buchan South, 3885
Merriang South, 3737
Fountain Gate, 3805
Harkaway, 3806
Mount Duneed, 3217
Fosterville, 3557
Irrewarra, 3249
Malvern, 3144
Kooyong, 3144
Darlimurla, 3871
Croydon South, 3136
Drumcondra, 3215
Childers, 3824
Bena, 3946
Boralma, 3682
Woodglen, 3875
Carapook, 3312
Tourello, 3363
Tyabb, 3913
Pines Forest, 3200
Blowhard, 3352
Benalla, 3672
Belmont, 3216
Tatong, 3673
Cope Cope, 3480
Inverloch, 3996
Gringegalgona, 3315
Towan, 3596
Patterson Lakes, 3197
Beaconsfield Upper, 3808
Point Wilson, 3212
Bonn, 3561
Berrambool, 3379
Nangiloc, 3494
Colac East, 3250
Athlone, 3818
Lubeck, 3381
Burnside, 3023
Ledcourt, 3385
Montrose, 3765
Dewhurst, 3808
Kooroocheang, 3364
Mount Tassie, 3844
Watchem, 3482
World Trade Centre, 3005
Sandford, 3312
Goldsborough, 3472
Minyip, 3392
Carpendeit, 3260
Cobram East, 3644
St Albans, 3021
Smoko, 3741
Silverleaves, 3922
Yarrawalla, 3575
Jumbunna, 3951
Peterborough, 3270
Burkes Flat, 3475
Runnymede, 3558
Apsley, 3319
Oxley Flats, 3678
Glengarry North, 3854
Mount Best, 3960
Katandra West, 3634
Moolap, 3221
Mount Taylor, 3875
Main Lead, 3373
Avon Plains, 3478
Wheatsheaf, 3461
Waranga Shores, 3612
Combienbar, 3889
East Warburton, 3799
Mount Slide, 3763
Myola East, 3551
Mokepilly, 3380
Anglesea, 3230
Lavers Hill, 3238
Greta South, 3675
Hotham Heights, 3741
Mount Clear, 3350
Tamboritha, 3858
Fernbank, 3864
Brookville, 3896
Merricks Beach, 3926
Minmindie, 3537
Yalca, 3637
Giffard, 3851
Mount Cole Creek, 3377
Deepdene, 3103
Leslie Manor, 3260
Kiata, 3418
Smiths Gully, 3760
Bedford Road, 3135
Chirrip, 3525
Cudgee, 3265
Sandringham, 3191
Carapooee West, 3478
Warmur, 3482
Rowsley, 3340
South Morang, 3752
Carlton South, 3053
Campbells Creek, 3451
Wangaratta, 3677
Caringal, 3825
Parkdale, 3195
Chelsea Heights, 3196
Jacob Creek, 3825
Williams Landing, 3027
Wooragee, 3747
Evansford, 3371
Howqua, 3723
Murray-Sunset, 3490
Waterways, 3195
Grovedale East, 3216
Archdale, 3475
Wonga Park, 3115
Perry Bridge, 3862
Gannawarra, 3568
Seaview, 3821
Barnawartha, 3688
Cabbage Tree, 3364
Cross Roads, 3373
Spargo Creek, 3461
Tintaldra, 3708
Somerton, 3062
Adams Estate, 3984
Denicull Creek, 3377
Dean, 3363
Waaia, 3637
St Helena, 3088
Licola, 3858
Yeungroon East, 3525
Glen Waverley, 3150
Cocamba, 3546
Central Park, 3145
Aspendale, 3195
Airly, 3851
Wonyip, 3962
Nareeb, 3293
Paaratte, 3268
Lorne, 3232
Arbuckle, 3858
Seabrook, 3028
Moyarra, 3951
Shelbourne, 3515
Koonoomoo, 3644
Lake Tyers Beach, 3909
Toolleen, 3551
Natimuk, 3409
Jeffcott North, 3480
Leonards Hill, 3461
Nareen, 3315
Alberton West, 3971
Noble Park East, 3174
Mount Mercer, 3352
Watergardens, 3038
South Kingsville, 3015
Ashwood, 3147
Cape Schanck, 3939
Wongungarra, 3862
Don Valley, 3139
Maffra West Upper, 3859
Calivil, 3573
Dobie, 3377
Jamieson, 3723
Bruarong, 3749
Edenhope, 3318
Rose River, 3678
Lyons, 3304
Tanjil, 3825
Axe Creek, 3551
Kew East, 3102
Casterton, 3311
Jilpanger, 3409
Carlisle River, 3239
Toongabbie, 3856
Ingliston, 3342
Cora Lynn, 3814
Cowes, 3922
Nutfield, 3099
Dunrobin, 3312
Dunkeld, 3294
Boho South, 3669
Bengworden, 3875
Loch Valley, 3833
Mittyack, 3533
Whitlands, 3678
Balwyn North, 3104
Monash University, 3800
Cremorne, 3121
Oakvale, 3540
Tarilta, 3451
Porcupine Ridge, 3461
Wild Dog Valley, 3953
Whoorel, 3243
Bearii, 3641
Purnim West, 3278
Maldon, 3463
Cheltenham, 3192
Brunswick East, 3057
Nilma, 3821
Hordern Vale, 3238
Coomboona, 3629
Caulfield South, 3162
Kerrisdale, 3660
Guys Hill, 3807
Knebsworth, 3286
Yambuk, 3285
Gerrigerrup, 3289
Wingeel, 3321
Lake Rowan, 3727
Box Hill Central, 3128
Banyena, 3388
Beenak, 3139
Strzelecki, 3950
King Valley, 3678
Yackandandah, 3749
Lillicur, 3371
Herne Hill, 3218
Reynard, 3858
Allansford, 3277
Blakeville, 3342
Smeaton, 3364
Gillieston, 3616
Moorooduc, 3933
Connewarre, 3227
Leongatha North, 3953
Jungaburra, 3575
Swanpool, 3673
Walkerville, 3956
Kariah, 3260
Tootgarook, 3941
Welshmans Reef, 3462
Auburn South, 3122
Bell Park, 3215
Bona Vista, 3820
Allendale, 3364
Goldie, 3435
Highlands, 3660
Tarrawingee, 3678
Tinamba West, 3859
Whiteheads Creek, 3660
Camberwell North, 3124
Wurdiboluc, 3241
Myrrhee, 3732
Patchewollock, 3491
Chapel Street North, 3141
Waanyarra, 3551
North Wangaratta, 3678
West Bendigo, 3550
Stonyford, 3260
Jericho, 3825
Boneo, 3939
Dallas, 3047
Longwood East, 3666
Robinvale Irrigation District Section D, 3549
Reservoir South, 3073
Ascot, 3551
Doncaster Heights, 3109
Nullawil, 3529
Framlingham, 3265
Kongwak, 3951
Boorolite, 3723
Hazelwood, 3840
Redbank, 3478
Mount Buffalo, 3740
Traralgon East, 3844
Yabba South, 3646
Pira, 3585
West Melbourne, 3003
Deakin University, 3217
Bradford, 3463
Hume Weir, 3691
Red Lion, 3371
Seville East, 3139
Longwood, 3665
Germania, 3381
Riverslea, 3860
Elizabeth Island, 3921
Burkes Bridge, 3568
Valencia Creek, 3860
South Wharf, 3006
Kyabram South, 3620
Kilmore East, 3764
Tanwood, 3478
Toolangi, 3777
Willenabrina, 3393
Jeffcott, 3480
Walpa, 3875
Bulart, 3314
Picola West, 3639
Warneet, 3980
Airport West, 3042
Raymond Island, 3880
Wood Wood, 3596
Nunniong, 3896
Pastoria, 3444
Donnybrook, 3064
Warncoort, 3243
Brooklyn, 3012
Rochester West, 3561
Swan Hill West, 3585
Geelong West, 3218
Foster North, 3960
Cheltenham North, 3192
Carlsruhe, 3442
Toolome, 3860
Waratah Bay, 3959
Bullarook, 3352
Goulburn Weir, 3608
Carwarp, 3494
Hawkesdale, 3287
Longlea, 3551
Stewarton, 3725
Koyuga, 3622
Walwa, 3709
Rosanna, 3084
Wallaloo, 3387
Caralulup, 3371
Eastville, 3463
Laen North, 3480
Thorpdale, 3835
Deep Lead, 3385
Moonlight Flat, 3450
Research, 3095
Waitchie, 3544
Bethanga, 3691
Wannon, 3301
Mafeking, 3379
Newlyn, 3364
Meringur, 3496
Big Hill, 3555
Jarrahmond, 3888
Craigieburn, 3064
Wooreen, 3953
Colac West, 3250
Somerton Park, 3851
Rich Avon West, 3480
Hoddle, 3959
Coldstream, 3770
Appin, 3579
Altona Meadows, 3028
Nalinga, 3646
Belgrave Heights, 3160
Shepparton South, 3630
Mcmahons Creek, 3799
Barunah Park, 3329
Tarwin Lower, 3956
Boolarong, 3960
Newborough East, 3825
Boorcan, 3265
Diggora, 3561
St Albans Park, 3219
Iona, 3815
Mincha, 3575
Ulupna, 3641
Perkins Reef, 3463
Darlington, 3271
Whorouly East, 3735
Black Rock, 3193
Weeragua, 3890
Myrtleford, 3737
Kotta, 3565
Maryknoll, 3812
Enochs Point, 3723
Moorilim, 3610
Nichols Point, 3501
Caroline Springs, 3023
Jam Jerrup, 3984
Picola, 3639
Portsea, 3944
Winslow, 3281
Wheelers Hill, 3150
Swanwater West, 3480
Chillingollah, 3585
Swan Reach, 3903
Gisborne South, 3437
Glenrowan, 3675
Mount Wallace, 3342
Naringal, 3277
Torquay, 3228
Mundoona, 3635
Tyers, 3844
Macarthur, 3286
Northcote South, 3070
Macorna North, 3568
Peechelba East, 3678
Brim, 3391
Bindi, 3896
Heathmere, 3305
Dhurringile, 3610
Mittyack, 3490
Manor Lakes, 3024
Yangoura, 3858
Illabarook, 3351
Paradise, 3381
Maryvale, 3840
Clyde North, 3978
Barrabool, 3221
Hawksburn, 3142
Mollongghip, 3352
Limestone, 3717
Doreen, 3754
Wareek, 3465
Koorooman, 3953
Kanumbra, 3719
Taylors Hill, 3037
Woolenook, 3860
Langley, 3444
Ararat, 3377
Noble Park, 3174
Warrnambool East, 3280
Powers Creek, 3312
Newlyn North, 3364
Bend Of Islands, 3097
Clayton, 3168
Mambourin, 3024
Yea, 3717
Merriang, 3737
Greendale, 3341
Mount Duneed, 3216
Stoneleigh, 3373
St Arnaud East, 3478
Wilby, 3728
Tarrington, 3301
Yarrawonga South, 3730
Laen, 3480
Toolondo, 3401
Huntly North, 3551
Paynesville, 3880
Navigators, 3352
South Yarra, 3141
Barmah, 3639
Murphys Creek, 3551
Hoppers Crossing, 3029
Dederang, 3691
Greta, 3675
Mount Doran, 3334
Toora, 3962
Strathtulloh, 3338
Larralea, 3325
Boisdale, 3860
Murraydale, 3586
Bumberrah, 3902
Hawthorn North, 3122
Mansfield, 3722
Lakes Entrance, 3909
Vectis, 3401
Nine Mile, 3518
Llowalong, 3862
Hillside, 3037
Merbein, 3505
Weeaproinah, 3237
Gower, 3463
Springvale South, 3172
Tol Tol, 3549
Lucas, 3350
Bessiebelle, 3304
Colbinabbin, 3559
Barraport West, 3537
Summerfield, 3570
Myall, 3533
Ringwood East, 3135
Lethbridge, 3332
Steels Creek, 3775
Ada, 3833
Fitzroy North, 3068
Stonehaven, 3218
Willaura North, 3379
Park Orchards, 3114
Kooloonong, 3597
Linga, 3509
Alfredton, 3350
Tecoma, 3160
Rowville, 3178
Adelaide Lead, 3465
Stonehaven, 3221
Shelbourne, 3463
Moorngag, 3673
Pentland Hills, 3341
Willung South, 3847
Piangil, 3597
Dalyston, 3992
Lance Creek, 3995
Upper Plenty, 3756
Sorrento, 3943
Bonshaw, 3356
Tyntynder South, 3586
Boolarra, 3870
Labertouche, 3816
Coonooer Bridge, 3478
Sulky, 3352
Noorinbee North, 3890
Bakery Hill, 3350
Cooma, 3616
Waterloo, 3373
High Camp, 3764
Clematis, 3782
Metcalfe, 3448
Dumbalk North, 3956
Orbost, 3888
Bundoora, 3083
Mount Rowan, 3352
Rich Avon, 3480
Hurstbridge, 3099
Preston Lower, 3072
Monbulk, 3793
Dendy, 3186
Keilor North, 3036
Scotsburn, 3352
Warburton, 3799
Bushy Park, 3860
Hadfield, 3046
Breamlea, 3227
Puckapunyal, 3662
Bandiana Milpo, 3694
Cobden, 3266
Golden Point, 3350
Piggoreet, 3351
Condah Swamp, 3286
Murrabit West, 3579
Warrandyte, 3113
Langdons Hill, 3363
Seymour South, 3660
Arnold West, 3551
Douglas, 3409
Port Fairy, 3284
Stradbroke, 3851
Dinner Plain, 3898
Sovereign Hill, 3350
Glenhope, 3444
Robertsons Beach, 3971
Taradale, 3447
Officer, 3809
Bonbeach, 3196
Goongerah, 3888
Bolwarrah, 3352
St Kilda West, 3182
Tolmie, 3723
Gower, 3451
Almonds, 3727
Montgomery, 3851
Roslynmead, 3564
Catumnal, 3537
Briar Hill, 3088
Cohuna, 3568
Wee Wee Rup, 3568
Gillum, 3858
Wattle Hill, 3237
Corio, 3214
Barrys Reef, 3458
Mitchell Park, 3352
Kooreh, 3478
Ellerslie, 3265
Junortoun, 3551
Belgrave, 3160
Watchupga, 3485
Tongio, 3896
Bullengarook, 3437
Melbourne Airport, 3045
Marthavale, 3875
Marnoo West, 3387
Northwood, 3660
Acheron, 3714
Elingamite North, 3266
Bendigo South, 3550
Mingay, 3324
Cathkin, 3714
Moornapa, 3862
Sutherlands Creek, 3331
Cathcart, 3377
Iraak, 3494
Ghin Ghin, 3717
Moolort, 3465
Stratford, 3862
Inkerman, 3472
Killara, 3312
Glomar Beach, 3851
Koroit, 3282
Willaura, 3379
Greenwald, 3304
Wemen, 3549
Glen Park, 3352
Yarto, 3396
Brunswick West, 3055
Eversley, 3377
Sunderland Bay, 3922
Koornalla, 3844
Yalla-Y-Poora, 3378
Kunyung, 3930
Burramine South, 3730
Sunshine, 3020
Berriwillock, 3531
Dookie, 3646
Rossbridge, 3377
Kaniva, 3419
Burwood East, 3151
Mountain View, 3988
Mystic Park, 3579
Bellarine, 3221
Skinners Flat, 3518
Moe, 3825
Hampton, 3188
Alphington, 3078
Merricks, 3916
Ross Creek, 3351
Kunat, 3585
Cranbourne East, 3977
South Dudley, 3995
Rosedale, 3847
Chatsworth, 3379
Boole Poole, 3880
Moliagul, 3472
Werona, 3364
Dawson, 3858
Mossiface, 3885
Worrowing, 3858
Upton Hill, 3664
Wodonga, 3690
Elsternwick, 3185
Bulleen, 3105
Towong, 3707
Castella, 3777
Broadlands, 3875
Boorhaman North, 3685
Walhalla East, 3825
Warrenheip, 3352
Newlands Arm, 3875
Speewa, 3585
Culgoa, 3530
Endeavour Hills, 3802
Mount Camel, 3523
Waverley Gardens, 3170
Balook, 3971
Albert Park, 3206
Myrtle Creek, 3551
Cokum, 3542
Canadian, 3350
Borung, 3518
Tottenham, 3012
Percydale, 3478
Moroka, 3860
St Andrews Beach, 3941
Tyrendarra East, 3285
Kinglake, 3763
Koroop, 3579
Yando, 3537
Eumemmerring, 3177
Bellfield, 3381
Marnoo, 3387
Newry, 3859
Frankston North, 3200
Brit Brit, 3315
Glenbrae, 3352
Omeo Valley, 3898
Garfield North, 3814
Belvedere Park, 3198
Highpoint City, 3032
Mount Sabine, 3236
Warrayure, 3301
Lindenow, 3865
Mongans Bridge, 3691
Beeac, 3251
Metcalfe East, 3444
Vaughan, 3451
Williamstown, 3016
Vite Vite North, 3325
Ballarat North, 3350
Tandarra, 3571
Pearcedale, 3912
Lockington, 3563
Hesse, 3321
Kingsville, 3012
Kilmore, 3764
Kurraca West, 3518
Henty, 3312
Harcourt North, 3453
Wychitella North, 3525
Waterford Park, 3658
Great Western, 3377
Hidden Valley, 3756
Delburn, 3871
Coonooer West, 3478
Minto, 3551
Wishart, 3189
Kilsyth South, 3137
Jung, 3401
Neuarpurr, 3413
Kirkstall, 3283
Coleraine, 3315
Ballan, 3342
Joel South, 3381
Simmie, 3564
Broken Creek, 3673
Pyramid Hill, 3575
Prahran, 3181
Langwarrin, 3910
Carngham, 3351
Brodribb River, 3888
Beverford, 3590
Stockyard Hill, 3373
Tyenna, 3533
Swanwater, 3478
Berringama, 3691
Green Gully, 3462
Vermont South, 3133
Strathlea, 3364
Tambo Upper, 3885
Tarra Valley, 3971
Yallambie, 3085
Terrappee, 3525
Hillside, 3875
Baringhup, 3463
Mirboo North, 3871
Lake Goldsmith, 3373
Southern Cross, 3283
Happy Valley, 3351
Black Rock North, 3193
Melbourne University, 3052
Essendon North, 3041
Lake Lonsdale, 3381
Cottles Bridge, 3099
Kennedys Creek, 3239
Brucknell, 3268
Emu Creek, 3551
Karyrie, 3483
Shady Creek, 3821
Three Bridges, 3797
Korumburra, 3950
Benambra, 3900
Deep Lead, 3381
Mount Macedon, 3441
Gooramadda, 3685
West Footscray, 3012
Wando Bridge, 3312
Ky West, 3621
Sandhurst, 3977
Rostron, 3381
Naroghid, 3266
Serviceton, 3420
Lake Tyrrell, 3533
Rhymney, 3377
Ivanhoe North, 3079
Waurn Ponds, 3216
Strathdownie, 3312
Yannathan, 3981
Hopetoun Gardens, 3162
Almurta, 3979
Jacana, 3047
Pomborneit, 3260
Sunnycliffs, 3496
Derby, 3516
Rocklands, 3401
Campbellfield, 3061
Mentone East, 3194
Glenmore, 3340
Giffard, 3850
Sailors Falls, 3461
Yinnar, 3869
St Kilda, 3182
Barongarook, 3249
Corop, 3559
Delacombe, 3356
Grassdale, 3302
Creswick, 3363
Tatura, 3616
Pine Lodge, 3631
Wimbledon Heights, 3922
Creightons Creek, 3666
Bowenvale, 3465
Paschendale, 3315
Birregurra, 3242
Armstrong, 3377
Dry Diggings, 3461
Yeungroon, 3525
Ferndale, 3821
Appin Park, 3677
West Wodonga, 3690
Lake Fyans, 3381
Glen Falloch, 3858
Dixons Creek, 3775
Woorarra West, 3960
Newfield, 3268
Mangalore, 3663
Cape Woolamai, 3925
Darnum, 3822
Cadello, 3442
Pascoe Vale, 3044
Essendon Fields, 3041
Buragwonduc, 3858
She Oaks, 3331
Drummond North, 3446
Nap Nap Marra, 3860
Reedy Creek, 3895
Graytown, 3608
Bonnie Doon, 3720
Strathallan, 3622
Fern Hill, 3458
Allans Flat, 3691
Elingamite, 3266
Creswick North, 3363
Devils River, 3714
Paradise Beach, 3851
Dundonnell, 3271
Yering, 3770
Ultima, 3544
Cobrico, 3266
Byaduk North, 3300
Warrak, 3377
Grass Flat, 3409
Fairhaven, 3231
East Geelong, 3219
Brown Hill, 3350
Lake Wellington, 3851
Aire Valley, 3237
Morwell East, 3840
Howitt Plains, 3858
East Melbourne, 3002
Coburg North, 3058
Westbury, 3825
Wallinduc, 3351
Kealba, 3021
Syndal, 3149
Orrvale, 3631
Bridge Inn, 3380
Woorarra East, 3962
Rawson, 3825
Laverton Raaf, 3027
Rosebud, 3939
Meatian, 3585
Roxburgh Park, 3064
Chute, 3373
Newbury, 3458
Bairnsdale, 3875
South Purrumbete, 3260
Tempy, 3489
Buninyong, 3357
Armadale, 3143
Nangana, 3781
Bamawm Extension, 3564
Walhalla, 3825
Ecklin South, 3265
Upper Ferntree Gully, 3156
Pitfield, 3351
Gowar East, 3478
Waterford, 3862
Fawkner East, 3060
Warranwood, 3134
Sale East Raaf, 3852
Boronia, 3155
Kithbrook, 3666
Tabberabbera, 3875
Macleod West, 3085
Winnap, 3304
Glenfalloch, 3858
Errinundra, 3889
Yanac, 3418
Sunday Creek, 3658
Wrathung, 3860
Rosebery, 3395
Jumbuk, 3869
Telopea Downs, 3420
Maiden Gully, 3551
Mount Dandenong, 3767
Homerton, 3304
Nathalia, 3638
Hilldene, 3660
Knoxfield, 3180
Burnley North, 3121
Morgiana, 3301
Wendouree Village, 3355
Billabong, 3858
Croydon North, 3136
Shelford, 3329
Big Desert, 3490
Walkerville North, 3956
Gateway Island, 3691
Myrtlebank, 3851
Eurobin, 3739
Bamawm Extension, 3561
Stony Creek, 3957
Noble Park North, 3174
St Kilda East, 3183
Kanagulk, 3401
Albanvale, 3021
Woorinen North, 3589
Bullarto South, 3461
Travancore, 3032
Arthurs Creek, 3099
Garden City, 3207
Newbridge, 3551
Gunyah, 3960
Lindsay Point, 3496
Seddon, 3011
Norlane, 3214
Hattah, 3501
Alexandra, 3714
Panton Hill, 3759
Hillcrest, 3351
Everton Upper, 3678
Woori Yallock, 3139
Upotipotpon, 3673
Flemington, 3031
Wattle Glen, 3096
Waratah North, 3959
Johnsonville, 3902
The Honeysuckles, 3851
Devon North, 3971
Archdale Junction, 3475
Sailors Gully, 3556
Thornhill Park, 3335
Elmhurst, 3469
Muckatah, 3644
Chiltern, 3683
Murrindindi, 3717
Ravenswood South, 3453
Muntham, 3315
East Bendigo, 3550
Forrest, 3236
Capels Crossing, 3579
Cowwarr, 3857
Bringalbert, 3319
Kallista, 3791
Meeniyan, 3956
Drik Drik, 3304
Mount Buller, 3723
Snake Valley, 3351
Linton, 3360
Lower Norton, 3401
Nerring, 3373
Trida, 3953
Nuntin, 3860
Haydens Bog, 3888
Laharum, 3401
Woodend North, 3442
Trawool, 3660
Werribee, 3030
Westby, 3579
Sugarloaf Creek, 3658
Marcus Hill, 3222
Coolaroo, 3048
Gentle Annie, 3833
Naring, 3636
Glenmaggie, 3858
Staughton Vale, 3221
Boort, 3537
Baw Baw Village, 3833
Tinamba, 3859
Creek View, 3551
Toorak, 3142
Brimboal, 3312
Cobungra, 3898
Hiawatha, 3971
Gredgwin, 3537
Mount Franklin, 3461
St James, 3727
Licola North, 3858
Balnarring Beach, 3926
Killarney, 3283
Mosquito Creek, 3551
Beaconsfield, 3807
Moranding, 3764
Bealiba, 3475
Grovedale, 3216
Bentleigh, 3204
Cranbourne West, 3977
Burwood, 3125
Aspendale Gardens, 3195
Chinkapook, 3546
Dreeite South, 3249
Gnotuk, 3260
Powlett Plains, 3517
Bamawm, 3561
Woohlpooer, 3314
Roses Gap, 3385
Tyrrell Downs, 3533
Hopetoun Park, 3340
Dunolly, 3472
Bundalong South, 3730
La Trobe University, 3083
Brookfield, 3338
Barkly, 3381
Badger Creek, 3777
Frenchmans, 3384
Buln Buln, 3821
Brumby, 3885
Forbes, 3764
Morrl Morrl, 3387
Cann River, 3890
Neilborough, 3570
Yarraville, 3013
Beauchamp, 3579
Boolite, 3480
Tallygaroopna, 3634
Surrey Hills, 3127
Tower Hill, 3283
Belgrave South, 3160
Millbrook, 3352
Piries, 3723
Longwarry North, 3816
Middle Tarwin, 3956
Nirranda South, 3268
Tarrayoukyan, 3315
Telford, 3730
Vasey, 3407
Humevale, 3757
Bayswater, 3153
Teal Point, 3579
Murrindal, 3885
Garibaldi, 3352
Rathscar, 3465
The Sisters, 3265
Hazelwood North, 3840
Glenaire, 3238
Mickleham, 3064
Moyston, 3377
Pascoe Vale South, 3044
Woodford, 3281
Botanic Ridge, 3977
Moorabbin, 3189
California Gully, 3556
Korong Vale, 3520
Cullen, 3568
Wye River, 3221
Kingsville West, 3012
Greta West, 3675
Hampton Park, 3976
The Fingerboard, 3864
Somers, 3927
Murchison, 3610
Morton Plains, 3482
Mininera, 3351
Bears Lagoon, 3517
Coatesville, 3165
Purnim, 3278
Moondarra, 3825
Ashburton, 3147
Tyntynder, 3586
Bendigo, 3550
Shays Flat, 3384
Rubicon, 3712
Wandong, 3758
Murmungee, 3747
Maidstone, 3012
Inverleigh, 3321
Monomeith, 3984
Tyrendarra, 3285
Dooen, 3401
Loch Sport, 3851
Killawarra, 3678
Warne, 3530
Echuca Village, 3564
Yendon, 3352
Langwarrin South, 3911
Monomak, 3860
Foxhow, 3323
Narraport, 3483
Marionvale, 3634
Camberwell West, 3124
Cherokee, 3434
Nirranda, 3268
Aberfeldie, 3040
Caniambo, 3630
Rosebrook, 3285
Lillimur, 3420
Barwon Downs, 3243
Wattle Bank, 3995
Hunterston, 3971
Boola, 3825
French Island, 3921
Grantville, 3984
Houston, 3128
Tantaraboo, 3764
Coimadai, 3340
Stawell, 3380
Wantirna, 3152
Morwell Upper, 3840
Beaufort, 3373
Barooga, 3644
Nullawarre North, 3268
Soldiers Hill, 3350
Strath Creek, 3658
Mildura Centre Plaza, 3501
Wonga, 3960
Mckenzie Hill, 3451
Castleburn, 3862
Maroona, 3377
Olinda, 3788
Miners Rest, 3352
Whorouly South, 3735
Taroon, 3265
Ringwood North, 3134
Bellellen, 3380
Wedderburn, 3518
Wooroonook, 3525
Toolamba, 3614
Chadstone Centre, 3148
Caulfield Junction, 3161
Indented Head, 3223
Golden Gully, 3555
Mailors Flat, 3275
Uplands, 3900
Ormond, 3204
Moreland West, 3055
Freshwater Creek, 3216
Marysville, 3779
Emu, 3475
Mount Eliza, 3930
Gladysdale, 3797
Camberwell South, 3124
Frankston East, 3199
Fawcett, 3714
Wallan East, 3756
Nicholson, 3882
Cundare, 3251
Lake Buloke, 3480
Bonshaw, 3352
Dreeite, 3249
Kancoona, 3691
Wirrate, 3608
Koo Wee Rup, 3981
Springbank, 3352
Beazleys Bridge, 3478
Iguana Creek, 3875
Wunghnu, 3635
Joel Joel, 3384
Cudgewa, 3705
Arcadia South, 3631
Warragul, 3820
Weerite, 3260
Turoar, 3546
Mill Park, 3082
Maribyrnong, 3032
Kerang, 3579
Colbrook, 3342
Tullamarine, 3043
Melton, 3337
Fentons Creek, 3518
Homewood, 3717
Petticoat Creek, 3233
Middle Camberwell, 3124
Cornella, 3551
Cosgrove, 3631
Wail, 3401
Tongala, 3621
Dales Creek, 3341
Yarra Glen, 3775
Ironbark, 3550
Mckinnon, 3204
Salisbury West, 3517
Deans Marsh, 3235
Terang, 3264
Wyuna, 3620
Neerim Junction, 3832
Woorinen South, 3588
Sheans Creek, 3666
Matlock, 3723
Reedy Creek, 3658
Lake Charm, 3581
Gellibrand Lower, 3237
Essendon West, 3040
Cobram, 3644
Trafalgar East, 3824
Miowera, 3862
Mitcham, 3132
Beaumaris, 3193
Winton, 3673
Happy Valley, 3360
Docklands, 3008
Katandra, 3634
Jeruk, 3527
Wyuna East, 3620
Rodborough, 3465
Point Leo, 3916
Crossley, 3283
Chepstowe, 3351
Clydebank, 3851
Sargood, 3858
Argyle, 3523
Maryborough, 3465
Birdwoodton, 3505
Homebush, 3465
Pearsondale, 3851
Painswick, 3551
Alma, 3465
Teddywaddy West, 3525
Ardmona, 3629
Derrinal, 3523
Kerang East, 3579
Gherang, 3240
Indigo Valley, 3688
Wildwood, 3429
Niddrie, 3042
Warrnambool, 3280
Bobinawarrah, 3678
Bruces Creek, 3757
Heathcote Junction, 3758
Cabbage Tree Creek, 3889
Dromana, 3936
Toolamba West, 3614
Calrossie, 3971
Point Lonsdale, 3225
Quandong, 3030
Mount Beauty, 3699
Glenormiston South, 3265
Jancourt East, 3266
Duverney, 3323
Bullaharre, 3266
Irishtown, 3451
Carlyle, 3685
Carlton North, 3054
Lake Wendouree, 3350
Terrick Terrick, 3575
Springmount, 3364
Lake Mundi, 3312
Wootong Vale, 3315
Sassafras Gully, 3787
East Sale, 3852
Ninyeunook, 3540
Suggan Buggan, 3885
Barunah Plains, 3329
Campaspe West, 3564
Merrigum, 3618
Langkoop, 3318
Bingo Munjie, 3898
Tatura East, 3616
Moutajup, 3294
Ovens, 3738
Pipers Creek, 3444
Dingley Village, 3172
Little Desert, 3418
Wandown, 3549
Flynns Creek, 3844
Bornes Hill, 3379
Wangaratta South, 3678
Braybrook, 3019
Maindample, 3723
Fernshaw, 3778
Doveton, 3177
Ocean Grove, 3226
Big Pats Creek, 3799
Bundalong, 3730
Sea Lake, 3533
Giffard West, 3851
Lillico, 3820
Stockdale, 3862
Hexham, 3273
Kimbolton, 3551
Kaarimba, 3635
Moolerr, 3478
Koondrook, 3580
Cannie, 3540
Cobbannah, 3862
Macks Creek, 3971
Pilchers Bridge, 3551
Yielima, 3638
Dunneworthy, 3377
Clayton South, 3169
Drouin South, 3818
Fiskville, 3342
Keilor Park, 3042
Macleod, 3085
Carrajung Lower, 3844
Noradjuha, 3409
Glengarry West, 3854
Branditt, 3630
Reedy Flat, 3895
Glenrowan West, 3675
Kinglake Central, 3757
Tamleugh, 3669
Amor, 3825
Runnymede, 3559
Concongella, 3381
Nandaly, 3533
Dadswells Bridge, 3385
Bolwarra, 3305
Southbank, 3006
Watsonia, 3087
Murtoa, 3390
Reedy Dam, 3395
Deer Park North, 3023
Yatchaw, 3301
Chewton, 3451
Howes Creek, 3723
Tyrrell, 3533
Flaggy Creek, 3875
Arawata, 3951
Northland Centre, 3072
Christies, 3962
Moyhu, 3732
Westmere, 3351
Dandenong East, 3175
Harkness, 3337
Bungalally, 3401
Korobeit, 3341
Whittington, 3219
Seddon West, 3011
Mildura East, 3500
Lima, 3673
Fernihurst, 3518
Kingsbury, 3083
Kyvalley, 3621
East Bairnsdale, 3875
Surrey Hills South, 3125
Ashbourne, 3442
Lysterfield South, 3156
Wantirna South, 3152
Tarrenlea, 3315
Morrl Morrl, 3381
Mia Mia, 3444
Hiamdale, 3847
Clifton Creek, 3875
Surf Beach, 3922
Strangways, 3461
Underbool, 3509
Narrawong, 3285
Brighton East, 3187
Shelley, 3701
Maddingley, 3340
Craigie, 3465
Lyndhurst, 3975
Serpentine, 3517
Curyo, 3483
Stirling, 3893
Merricks North, 3926
Golden Point, 3465
Cranbourne North, 3977
Riverside, 3401
Willow Grove, 3825
Nyerimilang, 3909
Yarragon, 3823
Kotupna, 3638
Bellbridge, 3691
Sylvaterre, 3575
Nurrabiel, 3401
Tanjil South, 3825
Springhurst, 3682
Seaholme, 3018
Cressy, 3322
The Gurdies, 3984
Wallace, 3352
Gymbowen, 3401
Tremont, 3785
Lascelles, 3487
Moonee Ponds, 3039
Merlynston, 3058
Shays Flat, 3377
Scoresby, 3179
Daltons Bridge, 3568
Lake Eildon, 3713
Leopold, 3224
Willowmavin, 3764
Dellicknora, 3888
Club Terrace, 3889
Benwerrin, 3235
Daylesford, 3460
Bellview, 3945
Jack River, 3971
Derrimut, 3026
Dergholm, 3312
Camberwell, 3124
Swifts Creek, 3896
Ballyrogan, 3375
Sutherland, 3478
Sale North, 3850
Mepunga East, 3277
Burnside Heights, 3023
Werneth, 3352
Myola, 3551
Victoria Point, 3294
Yallourn, 3825
Havilah, 3737
Bittern, 3918
Langsborough, 3971
Bo Peep, 3351
Bayindeen, 3375
Hoddles Creek, 3139
Nullawarre, 3268
Staughton Vale, 3340
Dumbalk, 3956
Bonegilla, 3691
Strathmore Heights, 3041
Greythorn, 3104
Glenaladale, 3864
Bulga, 3586
Joyces Creek, 3364
Keely, 3568
Wedderburn Junction, 3518
Mount Eccles South, 3953
Vermont, 3133
Princetown, 3269
Rokewood, 3330
Melbourne, 3004
Millgrove, 3799
Gellibrand, 3239
Lansell Plaza, 3555
Woods Point, 3723
Mooroopna, 3629
Carapooee, 3478
Doncaster East, 3109
Miram, 3415
Quambatook, 3540
Boolite, 3392
Fyans Creek, 3381
Lancefield, 3435
Hazelwood South, 3840
Ninda, 3533
Foster, 3960
Bet Bet, 3472
Traralgon, 3844
Woodhouse, 3294
Enfield, 3352
Pirron Yallock, 3249
Clonbinane, 3658
Doncaster, 3108
Whipstick, 3556
Dargo, 3862
Bunding, 3342
Newhaven, 3925
Weatherboard, 3352
Tuerong, 3915
Freeburgh, 3741
Waggarandall, 3646
Woodstock On Loddon, 3551
Sunshine North, 3020
Strathmerton, 3641
Yapeen, 3451
Separation Creek, 3234
Running Creek, 3691
Boxwood, 3725
Oak Park, 3046
Thornton, 3712
Black Range, 3381
Woorarra, 3962
Meadow Creek, 3678
The Cove, 3268
Skipton, 3361
Woosang, 3518
Fairy Dell, 3561
Port Campbell, 3269
Lawler, 3480
Boorhaman East, 3678
Blairgowrie, 3942
Arapiles, 3409
Cheshunt, 3678
Myers Flat, 3556
Dunearn, 3175
Clover Flat, 3315
Corack East, 3480
Blackwood Forest, 3992
Mepunga, 3277
Nowhere Creek, 3469
Victoria Valley, 3294
Warrenbayne, 3670
Baw Baw, 3833
Mid Valley, 3840
Kennington, 3550
Branxholme, 3302
Strathbogie, 3666
Everton, 3678
Balmoral, 3407
Lah, 3393
Merton, 3715
Curdievale, 3268
Springvale, 3171
Natte Yallock, 3465
Thornbury, 3071
Macorna, 3579
Dandongadale, 3737
Ayrford, 3268
Gelliondale, 3971
Happy Valley, 3549
Wodonga Plaza, 3690
Ivanhoe, 3079
Balwyn, 3103
Bullioh, 3700
Kolora, 3265
Fernvale, 3701
Mitta Mitta, 3701
Flowerdale, 3717
Halls Gap, 3381
Robinvale, 3549
Kalpienung, 3529
Jordanville, 3148
Wandin East, 3139
Ravenhall, 3023
Allambee, 3823
Rosewhite, 3737
Icy Creek, 3833
Beulah, 3395
Rich Avon East, 3480
Cape Clear, 3351
Merbein South, 3505
Nambrok, 3847
Denver, 3461
Burnley, 3121
Long Gully, 3550
Mount Cottrell, 3024
Lake Gardens, 3355
Invergordon, 3636
Bullarto, 3461
Rokeby, 3821
Mount Bute, 3324
Ombersley, 3241
Majorca, 3465
Ballendella, 3561
Toora North, 3962
Karramomus, 3631
Melville Forest, 3315
Pakenham, 3810
Whroo, 3612
Seaspray, 3851
Junction Village, 3977
Macs Cove, 3723
Fiery Flat, 3518
Myamyn, 3304
Peronne, 3413
Bullumwaal, 3875
Lang Lang East, 3984
Tresco, 3583
Flinders, 3929
Ferny Creek, 3786
Winjallok, 3380
Broughton, 3418
Portland, 3305
Footscray, 3011
Cobains, 3851
Bochara, 3301
Taminick, 3675
Nyora, 3987
Lake Marmal, 3525
Marraweeney, 3669
Tubbut, 3888
Thomson, 3825
Laceby, 3678
Brunswick South, 3055
Yambuna, 3621
Wensleydale, 3241
Winter Valley, 3358
Ballarat, 3350
Fryerstown, 3451
Balmattum, 3666
Weering, 3251
Narracan, 3824
Kilmany, 3851
Buffalo, 3958
Eildon, 3713
Yarraville West, 3013
Cobberas, 3900
Bowmans Forest, 3735
Major Plains, 3725
Wallacedale, 3303
Kingower, 3517
Carisbrook, 3464
Barnadown, 3557
Stanhope South, 3623
Ripplebrook, 3818
Ripponlea, 3185
Redan, 3350
Mandurang, 3551
Sunshine West, 3020
Carina, 3512
Riachella, 3385
Barwon Heads, 3227
Pennyroyal, 3235
Plenty, 3090
Huon, 3695
Gazette, 3289
Separation Creek, 3221
Prairie, 3572
Pranjip, 3666
Balliang, 3340
Hopetoun, 3396
Hilgay, 3315
Meredith, 3333
Moglonemby, 3666
Tooborac, 3522
Yulecart, 3301
Dooboobetic, 3478
Tonimbuk, 3815
Diamond Creek, 3089
Cloverlea, 3822
Willowvale, 3360
Wingan River, 3891
Katamatite East, 3649
Wycheproof, 3527
Richmond North, 3121
Betley, 3472
Mckenzie Creek, 3401
Narre Warren East, 3804
Hollands Landing, 3875
Keilor East, 3033
Cardigan, 3352
Elevated Plains, 3461
Costerfield, 3523
Sawmill Settlement, 3723
Wombat Creek, 3888
Leigh Creek, 3352
Wal Wal, 3385
Fawkner, 3060
Yellingbo, 3139
Mockinya, 3401
Ranceby, 3951
Skibo, 3260
Framlingham East, 3265
Ebden, 3691
Chandlers Creek, 3890
Campbells Forest, 3556
Woodstock West, 3463
Terrick Terrick East, 3573
Spring Hill, 3444
Baxter, 3911
Fulham, 3851
Eaglehawk North, 3556
Caveat, 3660
W Tree, 3885
Woodvale, 3556
Kanya, 3387
Murrawee, 3586
Bentleigh East, 3165
Bennettswood, 3125
Mulgrave, 3170
Barkstead, 3352
Miralie, 3596
Wyndham Vale, 3024
Baranduda, 3691
Altona North, 3025
Parkville, 3052
Guys Forest, 3709
Curlewis, 3222
Kalkallo, 3064
Glengower, 3370
Drummartin, 3570
Emerald, 3782
Tesbury, 3260
Woodside North, 3874
Fish Creek, 3959
Mount Dryden, 3381
Surrey Hills North, 3127
Wombelano, 3409
Boosey, 3730
Toorongo, 3833
Pomborneit North, 3260
Gonn Crossing, 3579
Colignan, 3494
Merrijig, 3875
Ryanston, 3992
Murchison East, 3610
Simpsons Creek, 3888
Edgecombe, 3444
Malmsbury, 3446
Mewburn Park, 3859
Ailsa, 3393
Hazeldene, 3658
Nerrena, 3953
Tulkara, 3478
Cardinia, 3978
Clarinda, 3169
Seville, 3139
Eureka, 3350
Bass, 3991
Goon Nure, 3875
Eurack, 3251
Westmeadows, 3049
Kalkee, 3401
Crystal Creek, 3714
Kyabram, 3620
Fairley, 3579
Nar Nar Goon North, 3812
Glenhope East, 3522
Carrajung South, 3874
Baringhup West, 3463
Manorina, 3889
Longwarry, 3816
Simson, 3465
Ultima East, 3544
Arnold, 3551
Lawloit, 3418
Coojar, 3315
Bamganie, 3333
St Arnaud North, 3478
North Warrandyte, 3113
Hicksborough, 3995
Braybrook North, 3019
Thorpdale South, 3824
Mount Cole, 3377
Clydesdale, 3461
Wellsford, 3551
Reservoir, 3073
Heathwood, 3134
Nalangil, 3249
Bagshot, 3551
Speed, 3488
Chinangin, 3544
Ivanhoe East, 3079
Walmer, 3463
Woolsthorpe, 3276
Gilderoy, 3797
Heidelberg, 3084
Bellbrae, 3228
Karnak, 3401
Chadstone, 3148
Eskdale, 3701
Warrnambool West, 3280
Nowa Nowa, 3887
Wabonga, 3678
Lower Plenty, 3093
Camperdown, 3260
Cape Paterson, 3995
Laverton North, 3026
Heidelberg West, 3081
Invermay Park, 3350
Warracknabeal, 3393
Kergunyah, 3691
Charleroi, 3695
Trentham East, 3458
Carranballac, 3361
Barwite, 3722
Mcevoys, 3564
Waubra, 3352
Mentone, 3194
Kangaroo Flat, 3555
Elaine, 3334
Mysia, 3518
Ringwood, 3134
Kergunyah South, 3691
Anglers Rest, 3898
Noorat East, 3265
Yundool, 3727
Gisborne, 3437
Magpie, 3352
Lorquon, 3418
Appin South, 3579
Rippleside, 3215
Nurcoung, 3401
Stuart Mill, 3478
Collingwood North, 3066
Drumborg, 3304
Yuroke, 3063
Springfield, 3434
Glen Valley, 3898
Ellaswood, 3875
Toorloo Arm, 3909
Bookaar, 3260
Penshurst, 3289
Amphitheatre, 3468
Boolarra South, 3870
Shirley, 3373
Newtown, 3220
Wattle Creek, 3384
Eltham North, 3095
Campbelltown, 3364
Glen Creek, 3691
Wanalta, 3612
Harrietville, 3741
Torrita, 3490
Richmond, 3121
Buangor, 3375
Budgeree, 3870
Napoleons, 3352
Noorat, 3265
Wandin North, 3139
Beechworth, 3747
Armstrong Creek, 3217
Rokewood Junction, 3351
Richmond South, 3121
Tarrengower, 3463
Kings Park, 3021
Toombon, 3825
Garvoc, 3265
Watsonia North, 3087
Lake Moodemere, 3685
Wahring, 3608
Simpson, 3266
Dartmoor, 3304
Preston West, 3072
Lyal, 3444
Yarram, 3971
Fairy Dell, 3875
Glenluce, 3451
Wentworth, 3875
Yandoit Hills, 3461
Chesney Vale, 3725
Murrumbeena, 3163
Newmerella, 3886
Aubrey, 3393
Mitre, 3409
Nangeela, 3312
Eddington, 3472
Patyah, 3318
Capel Sound, 3940
Killingworth, 3717
Pomborneit East, 3249
Mirimbah, 3722
Burrumbeet, 3352
Logan, 3475
Broadford, 3658
Loch, 3945
Blackburn, 3130
Sassafras, 3787
Glenfyne, 3266
Leichardt, 3516
Pioneer Bay, 3984
Notting Hill, 3168
Glen Huntly, 3163
East Wangaratta, 3678
North Melbourne, 3051
Rosebud Plaza, 3939
Holmesglen, 3148
Koriella, 3714
Woorndoo, 3272
Gapsted, 3737
Bulgana, 3377
Cabanandra, 3888
Oaklands Junction, 3063
Massey, 3482
Kardella, 3951
Darraweit Guim, 3756
Tawonga, 3697
Sunbury, 3429
Samaria, 3673
Lockwood, 3551
Mount Bruno, 3675
Benloch, 3435
Ruby, 3953
Gormandale, 3873
Richmond East, 3121
Aireys Inlet, 3231
Mirboo East, 3870
Carrum Downs, 3201
Tahara, 3301
Mount Mitchell, 3352
Woolshed, 3747
Grangefields, 3335
Moormbool West, 3523
Mildura South, 3501
Wickliffe, 3379
Tallarook, 3659
Basalt, 3460
Wehla, 3518
Shepparton, 3630
Yarraberb, 3516
Ouyen, 3490
Wonnangatta, 3737
Manns Beach, 3971
Deer Park, 3023
Stony Creek, 3371
Kewell, 3390
Violet Town, 3669
Portarlington, 3223
Woorinen, 3589
Callawadda, 3387
Windsor, 3181
Swan Island, 3225
Glenormiston North, 3265
Hepburn Springs, 3461
Dunluce, 3472
Gerahmin, 3546
Eppalock, 3551
Ferntree Gully, 3156
Dartmouth, 3701
Inglewood, 3517
Narre Warren, 3805
Omeo, 3898
Fawkner North, 3060
Mount Scobie, 3620
North Geelong, 3215
Eldorado, 3746
Catani, 3981
Cambarville, 3779
Essendon, 3040
Berrys Creek, 3953
Kialla East, 3631
Mirboo South, 3956
Balintore, 3249
Mont Albert North, 3129
Woomelang, 3485
Breakaway Creek, 3303
Kamarooka, 3570
Safety Beach, 3936
Joyces Creek, 3462
The Patch, 3792
Driffield, 3840
Telangatuk East, 3401
Coopers Creek, 3825
Gorae West, 3305
Wyelangta, 3237
Tutye, 3490
Newham, 3442
Queensferry, 3984
Munro, 3862
Mcintyre, 3472
Croydon Hills, 3136
Greens Creek, 3381
Smokeytown, 3364
Whanregarwen, 3714
Edi, 3678
Cockatoo, 3781
Keilor Downs, 3038
Lake Eppalock, 3551
Allambee Reserve, 3871
Port Welshpool, 3965
Bayles, 3981
St Germains, 3620
Pelluebla, 3727
Sarsfield, 3875
Jan Juc, 3228
Ensay North, 3895
Wallan, 3756
Neerim North, 3832
Willatook, 3283
Bonnie Brook, 3335
Rocklyn, 3364
Kennett River, 3221
Biggara, 3707
Binginwarri, 3966
Frankston Heights, 3199
Moolap, 3224
Timboon, 3268
Buckley Swamp, 3301
Fitzroy, 3065
Burnewang, 3558
Meerlieu, 3862
Moggs Creek, 3231
Poolaijelo, 3312
Heathcote South, 3523
Sandy Creek, 3695
Heyfield, 3858
St Arnaud, 3478
Blackburn North, 3130
Pomonal, 3381
Berrybank, 3323
Straten, 3533
Yuulong, 3237
Chiltern Valley, 3683
Bolangum, 3381
Hampton East, 3188
Narbethong, 3778
Tennyson, 3572
Yan Yean, 3755
Malvern East, 3145
Glendonald, 3364
Campbells Bridge, 3381
Wattle Park, 3128
Bridgewater, 3516
Caldermeade, 3984
Mont Albert, 3127
Kanya, 3381
Diamond Hill, 3550
Nyah, 3594
Somerville, 3912
Mardan, 3953
Smythes Creek, 3351
Brunswick North, 3056
Benayeo, 3319
Eganstown, 3461
Bungador, 3260
Gerang Gerung, 3418
East Sale Raaf, 3852
Kurunjang, 3337
Allambee South, 3871
Durdidwarrah, 3342
The Pines, 3109
Haven, 3401
Moreland, 3058
Pinewood, 3149
Murchison North, 3610
Mount Richmond, 3305
Bundara, 3898
Waranga, 3616
Charlemont, 3217
Teddywaddy, 3525
Marungi, 3634
San Remo, 3925
Hughesdale, 3166
Waterholes, 3875
Wandana Heights, 3216
Hansonville, 3675
Dandenong South, 3175
Ozenkadnook, 3413
Sidonia, 3444
Balwyn East, 3103
Buln Buln East, 3821
Attwood, 3049
Lardner, 3821
Selby, 3159
Merrijig, 3723
Yaapeet, 3424
Tallandoon, 3701
Garfield, 3814
Merbein West, 3505
Denison, 3858
Lake Meran, 3579
Castle Creek, 3691
Talgarno, 3691
Dimboola, 3414
Mount Burnett, 3781
Osbornes Flat, 3691
Kialla West, 3631
Wye River, 3234
Mount Cameron, 3370
Yarck, 3719
Kelvin View, 3666
Tanybryn, 3249
Laang, 3265
Oakleigh, 3166
Wallington, 3221
Hotspur, 3303
Tylden South, 3444
Kialla, 3631
Chapel Flat, 3352
Lower Moira, 3639
Allestree, 3305
Bridgewater North, 3516
Glenlofty, 3469
Glenaroua, 3764
Loy Yang, 3844
Wilsons Promontory, 3960
Nelson, 3292
Epping, 3076
Goroke, 3412
Tresco West, 3584
Seaton, 3858
Mount Major, 3646
Boorhaman, 3678
Toolong, 3285
Spring Gully, 3550
Richmond Plains, 3518
Llanelly, 3551
Jeeralang Junction, 3840
Mountain Gate, 3156
Towaninny South, 3527
Brimin, 3685
Deer Park East, 3022
Boonah, 3235
Ercildoune, 3352
Wallup, 3401
Mount Napier, 3301
Addington, 3352
Granite Rock, 3875
Powelltown, 3797
Lindsay, 3312
Eltham, 3095
Ullina, 3370
Corinella, 3984
Krowera, 3945
Neerim East, 3831
Bonang, 3888
Buchan, 3885
Corunnun, 3249
Hamlyn Heights, 3215
Vite Vite, 3325
Springfield, 3544
Jackass Flat, 3556
Charlton, 3525
Nilma North, 3821
Byrneside, 3617
Moora, 3612
Clyde, 3978
Congupna, 3633
Reedy Dam, 3483
Eastern View, 3231
West Creek, 3992
Shepparton North, 3631
Koorool, 3860
Mordialloc, 3195
Arthurs Seat, 3936
Woodend, 3442
Bringenbrong, 3707
Dutson Downs, 3851
Koo Wee Rup North, 3981
Culla, 3315
Shepparton East, 3631
Sale, 3850
Lima South, 3673
Doctors Flat, 3895
Kanyapella, 3564
Traralgon South, 3844
Ripponhurst, 3286
Hernes Oak, 3825
Blind Bight, 3980
Horfield, 3567
Tungamah, 3728
Bungal, 3334
Ryans, 3875
Seaford, 3198
Wal Wal, 3381
Taggerty, 3714
Box Hill South, 3128
Moonambel, 3478
Coral Bank, 3691
Laburnum, 3130
Auburn, 3123
Balaclava, 3183
Muckleford South, 3462
Camberwell East, 3126
Warrenmang, 3478
Bael Bael, 3579
Corindhap, 3352
Ballarat West, 3350
Abbeyard, 3737
Chum Creek, 3777
Avoca, 3467
Wesburn, 3799
Wendouree, 3355
Pyalong, 3521
Ballapur, 3483
Noorinbee, 3890
Rangeview, 3132
Winnambool, 3546
Cornishtown, 3683
Narrung, 3597
Wool Wool, 3249
Bandiana, 3691
Bungeet, 3726
Kiewa, 3691
Blackburn South, 3130
Caulfield East, 3145
Kilcunda, 3995
Skenes Creek North, 3233
Nillahcootie, 3723
Rocky Point, 3377
Keysborough, 3173
Southland Centre, 3192
Jancourt, 3266
Wy Yung, 3875
Antwerp, 3414
Saint Helena, 3088
Bells Beach, 3228
Lal Lal, 3352
Norong, 3682
Chintin, 3756
Erica, 3825
Gritjurk, 3315
Knox City Centre, 3152
Altona East, 3025
Heywood, 3304
Flamingo Beach, 3851
Dandenong, 3175
Reedy Lake, 3579
Dunnstown, 3352
Venus Bay, 3956
Katunga, 3640
Flagstaff, 3465
Kenley, 3597
Callawadda, 3381
Bellarine, 3223
Traynors Lagoon, 3478
Baddaginnie, 3670
Mount Beckworth, 3363
Gnarwarre, 3221
Jarvis Creek, 3700
Charam, 3318
Rye, 3941
Drysdale, 3222
Durham Lead, 3352
Bambra, 3241
Glenlee, 3418
Yawong Hills, 3478
Burrowye, 3709
Glen Alvie, 3979
Normanville, 3579
Illawarra, 3381
Slaty Creek, 3478
Reservoir East, 3073
Mount Waverley, 3149
Learmonth, 3352
Forge Creek, 3875
Lucyvale, 3691
Wandella, 3579
Waranga, 3612
Nelse, 3699
Hartwell, 3124
Areegra, 3480
Albacutya, 3424
Lurg, 3673
Portland North, 3305
Bunguluke, 3527
Ascot Vale, 3032
Ventnor, 3922
Cashmore, 3305
Nintingbool, 3351
Bellfield, 3081
Glenloth, 3527
Briagolong, 3860
Bruthen, 3885
Moonlight Flat, 3465
Barwidgee, 3737
Mornington, 3931
Lynbrook, 3975
Tabilk, 3607
Neerim South, 3831
Morwell, 3840
Knockwood, 3723
Woodside, 3874
Devenish, 3726
Timor, 3465
Tarraville, 3971
Warrabkook, 3286
Grand Ridge, 3870
Golden Point, 3451
Big Hill, 3231
Exford, 3338
Heatherton, 3202
Red Bluff, 3695
Quarry Hill, 3550
Portland West, 3305
Menzies Creek, 3159
Tarnook, 3670
Brunswick, 3056
Timmering, 3561
Willung South, 3844
Strathkellar, 3301
Dunkirk, 3630
Trawalla, 3373
Bannerton, 3549
Churchill, 3842
Crib Point, 3919
Leongatha South, 3953
Lalor, 3075
Irrewillipe East, 3249
Milltown, 3304
Pine Grove, 3573
South Melbourne, 3205
Boinka, 3490
Litchfield, 3480
Burramboot, 3559
Harrow, 3317
Oxley, 3678
Narre Warren North, 3804
Winchelsea, 3241
Ballarat Central, 3350
Boweya, 3675
Avonmore, 3559
Miepoll, 3666
Natya, 3597
Glenlogie, 3469
Loddon Vale, 3575
Winchelsea South, 3241
Preston South, 3072
Seacombe, 3851
Cooriemungle, 3268
Merino, 3310
Torwood, 3821
Prahran East, 3181
Cobblebank, 3338
Robinvale Irrigation District Section B, 3549
Newborough, 3825
Raglan, 3373
Howqua Inlet, 3723
Kulwin, 3490
Tenby Point, 3984
Robinvale Irrigation District Section E, 3549
Nirranda East, 3268
Hallston, 3953
Huntingdale, 3166
Towaninny, 3527
Minjah, 3276
Diggers Rest, 3427
Stanley, 3747
Gorae, 3305
Glenlyon, 3461
Nulla Vale, 3435
Neds Corner, 3496
Barnawartha North, 3691
Bungeet West, 3726
Peechelba, 3678
Caulfield, 3162
Banksia Peninsula, 3875
Pine View, 3579
Carag Carag, 3623
Cape Bridgewater, 3305
Lochend, 3888
Lake Powell, 3597
Sebastopol, 3356
Gatum, 3407
Pimpinio, 3401
Kellalac, 3393
Mount Prospect, 3364
Flowerdale, 3658
Dysart, 3660
Taylor Bay, 3713
Moorabool, 3221
Greensborough, 3088
Kalimna, 3909
Cheltenham East, 3192
Ladys Pass, 3523
Deptford, 3875
Delahey, 3037
Carrajung South, 3844
Waldara, 3678
Glen Wills, 3898
Wulgulmerang East, 3885
Neereman, 3463
Lockwood South, 3551
Queenscliff, 3225
Leneva, 3691
Mirranatwa, 3294
Gil Gil, 3480
Buldah, 3890
Williamstown North, 3016
Tarnagulla, 3551
Beech Forest, 3237
Korrine, 3979
North Blackwood, 3458
Willung, 3847
Patho West, 3564
Mortlake, 3272
Brimpaen, 3401
Melton West, 3337
Irrewillipe, 3249
Bannockburn, 3331
Lake Hume Village, 3691
Delegate River, 3888
Staceys Bridge, 3971
Boomahnoomoonah, 3728
Wartook, 3401
Cochranes Creek, 3475
Kyneton South, 3444
Lake Bolac, 3351
Marlbed, 3483
Mcloughlins Beach, 3874
Callignee South, 3844
Sedgwick, 3551
Truganina, 3029
Piedmont, 3833
Castle Donnington, 3585
Willangie, 3485
Creek Junction, 3669
Grahamvale, 3631
Nayook, 3832
Moe South, 3825
Narrapumelap South, 3293
Molyullah, 3673
Mannerim, 3222
Brandy Creek, 3821
Maude, 3331
Sandy Point, 3959
Tatyoon, 3378
Glenthompson, 3293
Killara, 3691
Moorabbin Airport, 3194
Apollo Bay, 3233
Tallangatta Valley, 3701
Gowangardie, 3669
Buckley, 3240
Boigbeat, 3531
Myrniong, 3341
Wandiligong, 3744
Sunset Strip, 3922
Gardenvale, 3185
Bareena, 3220
Byaduk, 3301
Wallaloo East, 3387
Cargerie, 3334
Wurruk, 3850
Wairewa, 3887
Tarneit, 3029
Shallow Inlet, 3960
Amherst, 3371
Naringal East, 3277
Banyule, 3084
Gerangamete, 3249
North Road, 3187
Point Cook, 3030
Wychitella, 3525
Dingee, 3571
Budgee Budgee, 3862
Karingal Centre, 3199
Welshpool, 3966
Lilliput, 3682
Melwood, 3875
Woodfield, 3715
Hallora, 3818
Pittong, 3360
Warrong, 3283
Drumanure, 3636
Bacchus Marsh, 3340
Muckleford, 3451
Upwey, 3158
Glenorchy, 3385
Bridgewater On Loddon, 3516
Nug Nug, 3737
Laverton, 3028
Tooan, 3409
Kernot, 3979
Boweya North, 3675
North Bendigo, 3550
Thowgla Valley, 3707
Emu Flat, 3522
Tylden, 3444
Fairbank, 3951
Mildura, 3500
Waygara, 3888
Ky Valley, 3621
Londrigan, 3678
Malvern North, 3144
Duchembegarra, 3409
Joel South, 3384
Diggora West, 3561
Modewarre, 3240
Mannibadar, 3360
Carlton, 3053
Bowser, 3678
Winton North, 3673
Grampians, 3314
Sutton, 3530
Northcote, 3070
Dandenong North, 3175
Wonwondah, 3401
Mount Helen, 3350
Nagambie, 3608
Avenel, 3664
Chocolyn, 3260
Elmore, 3558
Horsham West, 3400
Faraday, 3451
Yarrawonga, 3730
Nungurner, 3909
Upper Lurg, 3673
Ardeer, 3022
Preston, 3072
Brunswick Lower, 3056
La Trobe University, 3086
Koallah, 3260
Jeeralang, 3840
Crowlands, 3377
Gheringhap, 3331
Jindivick, 3818
Gooram, 3666
Bunyip, 3815
Crossover, 3821
Hill End, 3825
Thalloo, 3825
Tottington, 3478
Barjarg, 3723
Berwick, 3806
Glendaruel, 3363
Wharparilla, 3564
Ellinbank, 3821
Snake Island, 3971
Tamleugh North, 3669
Barkstead, 3364
Kinnabulla, 3483
Wando Vale, 3312
Dropmore, 3660
Youarang, 3728
Bingo, 3898
Russells Bridge, 3331
Shoreham, 3916
Eden Park, 3757
Meering West, 3579
Box Hill North, 3129
Brighton North, 3186
Murgheboluc, 3218
New Gisborne, 3438
Lalbert, 3542
Lalor Plaza, 3075
Lalalty, 3644
Nar Nar Goon, 3812
Warragul South, 3821
Liparoo, 3549
Lexton, 3352
Tom Groggin, 3707
Port Melbourne, 3207
Flynn, 3844
Tostaree, 3888
Middle Park, 3206
University Of Melbourne, 3010
Springfield, 3531
Brenanah, 3517
Murgheboluc, 3221
Avondale Heights, 3034
Hawkhurst, 3862
Chetwynd, 3312
Kawarren, 3249
Miga Lake, 3409
Lilydale, 3140
Bete Bolong North, 3888
Heidelberg Heights, 3081
Wollert, 3750
Epsom, 3551
Cosgrove South, 3631
Dumosa, 3527
Glenroy, 3046
Hesket, 3442
Coomoora, 3461
Pootilla, 3352
Rushworth, 3612
Werribee South, 3030
Pastoria East, 3444
Wiseleigh, 3885
Colac, 3250
Anakie, 3221
Rathscar West, 3465
Oakleigh South, 3167
Elwood, 3184
Geelong, 3220
Kirwans Bridge, 3608
Upotipotpon, 3669
Mooralla, 3314
Granya, 3701
Glenisla, 3314
Corringle, 3888
Batman, 3058
Wangandary, 3678
Sugarloaf Creek, 3659
Goschen, 3585
St Clair, 3995
Kyneton, 3444
Yabba North, 3646
Wallagaraugh, 3891
Mccrae, 3938
Harmers Haven, 3995
Esmond, 3730
Yarragon South, 3823
Tynong North, 3813
Yarroweyah, 3644
Canterbury, 3126
Katamatite, 3649
Tetoora Road, 3821
Granite Flat, 3525
Creek View, 3558
Mirboo, 3871
Newtown, 3351
Bridge Creek, 3723
Abbotsford, 3067
Glen Iris, 3146
Paraparap, 3240
Barrakee, 3525
Merrinee, 3496
Tarwin, 3956
Collingwood, 3066
Knowsley, 3523
Tyaak, 3658
Talbot, 3371
Falls Creek, 3699
Bravington, 3821
Cape Conran, 3888
Tarcombe, 3666
Undera, 3629
Whittlesea, 3757
Lamplough, 3352
Agnes, 3962
Boorool, 3953
Springdallah, 3351
Won Wron, 3971
Aberfeldy, 3825
Clarendon, 3352
Bangholme, 3175
Rochester, 3561
Bete Bolong, 3888
Jil Jil, 3483
Bandiana, 3694
Barkers Creek, 3451
Yarrunga, 3677
Hedley, 3967
Rockbank, 3335
Larpent, 3249
Castlemaine, 3450
Koonda, 3669
Thomson, 3219
Myrtle Creek, 3444
Carrajung, 3844
Noojee, 3833
Templestowe, 3106
Bung Bong, 3465
Smythesdale, 3351
Bayswater North, 3153
Jeparit, 3423
Melbourne, 3000
Teddywaddy, 3527
Ballangeich, 3279
Walkerville South, 3956
Darley, 3340
Staghorn Flat, 3691
Rupanyup, 3388
Molesworth, 3718
Mitcham North, 3132
Lysterfield, 3156
Dennington, 3280
Woodleigh, 3945
Angip, 3393
Kingston, 3364
Coghills Creek, 3364
Bell Post Hill, 3215
Anderson, 3995
Cobaw, 3442
Corndale, 3311
Wangie, 3530
Cranbourne, 3977
Purdeet, 3289
Irymple, 3498
Timboon West, 3268
Mudgegonga, 3737
Porepunkah, 3740
Smiths Beach, 3922
Gobur, 3719
Ancona, 3715
Butchers Ridge, 3885
Georges Creek, 3700
Warrion, 3249
Blackwarry, 3844
Dunach, 3371
Karabeal, 3294
Trafalgar South, 3824
Brewster, 3352
Lake Boga, 3584
Skenes Creek, 3233
Lovely Banks, 3221
Banyenong, 3480
Keon Park, 3073
Creighton, 3666
Kerrimuir, 3129
Barraport, 3537
Kardella South, 3950
Carrum, 3197
Jeetho, 3945
Clunes, 3370
Laen East, 3480
Colac Colac, 3707
Mitchell Park, 3355
Huntly, 3551
North Shore, 3214
Murra Warra, 3401
Cotham, 3101
Sutton Grange, 3448
Strathdale, 3550
Mandurang South, 3551
Ocean Grange, 3880
Koetong, 3704
Churchill Island, 3925
Pound Creek, 3996
Pakenham Upper, 3810
Ascot, 3364
Carboor, 3678
Gordon, 3345
Nyah West, 3595
Milawa, 3678
Piavella, 3572
Mitiamo, 3573
Milnes Bridge, 3579
Stanhope, 3623
Kenmare, 3395
Tallangatta, 3700
Locksley, 3665
Albion, 3020
Metung, 3904
Musk, 3461
Murroon, 3243
Yallourn North, 3825
Mead, 3568
Echuca East, 3564
Zumsteins, 3401
Broomfield, 3364
Lerderderg, 3458
Ninyeunook, 3527
Tanjil Bren, 3833
Glengala, 3020
Donvale, 3111
Wargan, 3505
Marlo, 3888
Deddick Valley, 3888
Pine Mountain, 3709
Tahara West, 3310
Eastwood, 3875
Rheola, 3517
Molka, 3666
Thologolong, 3691
Lismore, 3324
Gong Gong, 3352
Cabarita, 3505
Wulgulmerang, 3885
Hampton North, 3188
Nyrraby, 3585
Lyonville, 3461
Heath Hill, 3981
Lucknow, 3875
Whirily, 3483
Madalya, 3971
Wilkur, 3393
Coalville, 3825
Greens Creek, 3387
Broadmeadows, 3047
Selwyn, 3737
Silvan, 3795
Gainsborough, 3822
Dereel, 3352
Mooroopna North, 3629
Lemnos, 3631
Langi Kal Kal, 3352
Taylors Lakes, 3038
Wroxham, 3891
Wallaloo East, 3381
Redesdale, 3444
Staffordshire Reef, 3351
Drouin West, 3818
Breakwater, 3219
Curdies River, 3268
Tallangatta East, 3700
Tidal River, 3960
Tarrone, 3283
Korweinguboora, 3461
Kinypanial, 3520
Winnindoo, 3858
Drummond, 3461
Kangaroo Ground, 3097
Kurting, 3517
Upper Gundowring, 3691
Maintongoon, 3714
Eaglemont, 3084
Mount Emu, 3351
Echuca West, 3564
Newport, 3015
Tandarook, 3260
Clifton Springs, 3222
Plumpton, 3335
Gipsy Point, 3891
Cullulleraine, 3496
Dutton Way, 3305
Grey River, 3234
Bolangum, 3387
Frankston South, 3199
Barkly, 3384
Outtrim, 3951
Campbells Bridge, 3387
Turriff, 3488
Banyan, 3485
Koorlong, 3501
Elliminyt, 3250
Harcourt, 3453
Cassilis, 3898
Yeo, 3249
Caramut, 3274
Princes Hill, 3054
Glenalbyn, 3517
Fraser Rise, 3336
Stawell West, 3380
Highton, 3216
Nowie, 3585
Double Bridges, 3893
Calulu, 3875
Wycheproof South, 3527
Officer South, 3809
Yarpturk, 3283
Mena Park, 3373
Macedon, 3440
Lake Bunga, 3909
Royal Melbourne Hospital, 3050
Mount Martha, 3934
Wallington, 3222
St Leonards, 3223
Kurraca, 3518
Mumbannar, 3304
Myall, 3579
Tooradin, 3980
Cape Otway, 3233
Ravenswood, 3453
Pental Island, 3586
Nurran, 3888
Red Hill, 3937
Dixie, 3265
Leaghur, 3537
Mildura West, 3500
Nhill, 3418
Drouin, 3818
Crookayan, 3858
Pompapiel, 3571
Cundare North, 3251
Poowong, 3988
Callignee North, 3844
Joel Joel, 3381
Alberton, 3971
Gunbower, 3566
Girgarre East, 3616
Glen Forbes, 3990
Docker, 3678
Buxton, 3711
Dutson, 3851
Mount Glasgow, 3371
Kalorama, 3766
Long Forest, 3340
Reservoir North, 3073
Launching Place, 3139
Mernda, 3754
Mount Bolton, 3352
Gre Gre North, 3478
Spotswood, 3015
Blackwood, 3458
Swan Bay, 3225
Ceres, 3221
Eaglehawk, 3556
Echuca, 3564
Brighton Road, 3184
Tangambalanga, 3691
Steiglitz, 3331
Sandon, 3462
Lauriston, 3444
Ensay, 3895
Buffalo Creek, 3958
Great Southern, 3685
Tahara Bridge, 3315
Bemm River, 3889
Lake Tyers, 3887
Delegate River East, 3888
Barramunga, 3249
Timor West, 3465
Chirnside Park, 3116
Upper Ryans Creek, 3673
Cavendish, 3314
Cheshunt South, 3678
Byawatha, 3678
Waarre, 3269
Darling, 3145
Warrock, 3312
Forest Hill, 3131
Croydon, 3136
Patho, 3564
Greenhill, 3444
Newstead, 3462
Bellellen, 3381
Englefield, 3407
Nuggetty, 3463
Hunter, 3558
Elphinstone, 3448
Turtons Creek, 3960
Bushfield, 3281
Hawthorn West, 3122
Sailors Hill, 3461
Coragulac, 3249
Wallaloo, 3381
Mount Evelyn, 3796
Devon Meadows, 3977
Gaffneys Creek, 3723
Bunyip North, 3815
Ballarat East, 3350
Black Hill, 3350
Vesper, 3833
Templestowe Lower, 3107
Caulfield North, 3161
Cardigan Village, 3352
Yarrambat, 3091
Genoa, 3891
Greenvale, 3059
Koonwarra, 3954
Wattle Flat, 3352
Mokepilly, 3381
Torrumbarry, 3562
Grassy Spur, 3957
Yandoit, 3461
Sebastian, 3556
Bunkers Hill, 3352
Nerrina, 3350
Netherby, 3418
Mooroopna North West, 3616
Browns Plains, 3685
Yinnar South, 3869
Mount Pleasant, 3350
Lake Wongan, 3373
Kadnook, 3318
Romsey, 3434
Earlston, 3669
Bahgallah, 3312
Auchmore, 3570
Navarre, 3384
Murnungin, 3544
Baromi, 3871
Dingwall, 3579
Teesdale, 3328
Kennett River, 3234
Archerton, 3723
Winlaton, 3585
Poowong East, 3988
Cororooke, 3254
Fyansford, 3218
Balliang East, 3340
Nariel Valley, 3707
Grey River, 3221
Kamarooka North, 3571
Fumina, 3825
Lubeck, 3385
Clear Lake, 3409
Fyansford, 3221
Tabor, 3289
Tankerton, 3921
Thoona, 3726
Gladstone Park, 3043
Powlett River, 3995
Raywood, 3570
Thalia, 3527
Red Cliffs, 3496
Bailieston, 3608
Watsons Creek, 3097
Hawthorn East, 3123
Montmorency, 3094
Cannum, 3393
Wangarabell, 3891
Weir Views, 3338
Echuca South, 3564
Pheasant Creek, 3757
Watchem West, 3482
Mount Toolebewong, 3777
The Basin, 3154
Daisy Hill, 3465
Swan Marsh, 3249
Marengo, 3233
Delatite, 3723
Bungaree, 3352
Cranbourne South, 3977
Bolinda, 3432
Bungil, 3691
Toolern Vale, 3337
Terip Terip, 3719
Tulkara, 3384
Koyuga South, 3621
Whitfield, 3733
Crymelon, 3393
Walpeup, 3507
Titybong, 3542
Teddywaddy West, 3527
Chelsea, 3196
Hawthorn, 3122
Burnbank, 3371
Mooroolbark, 3138
Carnegie, 3163
Wilsons Hill, 3515
Cambrian Hill, 3352
Keilor, 3036
Altona Gate, 3025
Kalimna West, 3909
Bright, 3741
Pura Pura, 3271
Braeside, 3195
Scarsdale, 3351
Box Hill, 3128
Donald, 3480
Milloo, 3572
Bathumi, 3730
Cannons Creek, 3977
Durham Ox, 3576
Murrabit, 3579
Barfold, 3444
Newington, 3350
Tarrawarra, 3775
Kensington, 3031
Avonsleigh, 3782
Musk Vale, 3461
Benjeroop, 3579
Flora Hill, 3550
Hallam, 3803
Stavely, 3379
Shepherds Flat, 3461
Gruyere, 3770
Hastings, 3915
Mount Eccles, 3953
Karingal, 3199
Gre Gre South, 3478
Turriff East, 3488
Bromley, 3472
Korumburra South, 3950
Melton South, 3338
Freshwater Creek, 3217
Batesford, 3221
Modella, 3816
Codrington, 3285
Bellbird Creek, 3889
Ondit, 3249
Bagshot North, 3551
Bradvale, 3361
Wuk Wuk, 3875
Fieldstone, 3024
Glenpatrick, 3469
Hazel Park, 3966
Eynesbury, 3338
Woolamai, 3995
Landsborough, 3384
Cowa, 3862
Orford, 3284
Wrixon, 3860
Darriman, 3851
Pigeon Ponds, 3407
Huon Creek, 3691
Norval, 3377
Woolshed Flat, 3518
Baynton, 3444
Altona, 3018
Woodstock, 3751
Bostocks Creek, 3260
Callignee, 3844
Warragul West, 3821
Glenburn, 3717
Burramine, 3730
Coongulla, 3860
Polisbet, 3585
Mologa, 3575
Tamboon, 3890
Concongella, 3384
Carron, 3480
Manifold Heights, 3218
Sugarloaf, 3221
Nyarrin, 3533
Poowong North, 3988
Boho, 3669
Hamilton, 3300
Rhyll, 3923
Neerim, 3831
Lawrence, 3364
Yeodene, 3249
Gembrook, 3783
Langi Logan, 3377
Manangatang, 3546
Horsham, 3400
Morang South, 3752
Mount Lonarch, 3468
Haddon, 3351
Lima East, 3673
Viewbank, 3084
Markwood, 3678
Kilsyth, 3137
Havelock, 3465
Numurkah, 3636
Omeo Valley, 3888
Cairnlea, 3023
Red Hill South, 3937
Illowa, 3282
Cherrypool, 3401
Patterson, 3204
Swan Hill, 3585
Mountain Bay, 3723
St Helens, 3285
Bimbourie, 3533
Corryong, 3707
Clarkes Hill, 3352
Little Hampton, 3458
Buckrabanyule, 3525
Baynton East, 3444
Lancaster, 3620
Alvie, 3249
Seymour, 3660
Hensley Park, 3301
Birchip West, 3483
Gundowring, 3691
Old Tallangatta, 3701
North Wonthaggi, 3995
Little River, 3211
Yangery, 3283
Blackheath, 3401
Burwood Heights, 3151
The Heart, 3851
Glendonnell, 3364
Bundalaguah, 3851